Datos,Tiempo
4,0.0323512
8,0.0062012
16,0.0074585
32,0.009334
64,0.0213019
128,0.032453
256,0.065751
512,0.1159532
1024,0.2943488